DMSO - 1,DMSO - 2,C7 - 1,C7 - 2,4µ8c - 1,4µ8c - 2,Both - 1,Both - 2,I,J,K,L
0.2,0.2,0.2,0.2,0.2,0.2,0.2,0.2,,,,
0.0666667,0.0666667,0.0666667,0.0666667,0.0666667,0.0666667,0.0666667,0.0666667,,,,
0.0222222,0.0222222,0.0222222,0.0222222,0.0222222,0.0222222,0.0222222,0.0222222,,,,
0.0074074,0.0074074,0.0074074,0.0074074,0.0074074,0.0074074,0.0074074,0.0074074,,,,
0.0024691,0.0024691,0.0024691,0.0024691,0.0024691,0.0024691,0.0024691,0.0024691,,,,
0.0008230,0.0008230,0.0008230,0.0008230,0.0008230,0.0008230,0.0008230,0.0008230,,,,
0.0002743,0.0002743,0.0002743,0.0002743,0.0002743,0.0002743,0.0002743,0.0002743,,,,
0.0000914,0.0000914,0.0000914,0.0000914,0.0000914,0.0000914,0.0000914,0.0000914,,,,
